course_id,course_rating,enrollment_status,completion_status,user_id
what-is-datascience,4.1,1,0,1407
sql-data-science,3.8,1,1,997
gcp-big-data-ml-fundamentals,4.0,1,1,1012
learning-how-to-learn,4.1,0,0,1817
excel-data-analysis,4.9,1,1,46
international-law-in-action-2,4.3,1,0,511
uva-darden-design-thinking-social-sector,4.8,1,1,773
race-cultural-diversity-american-life,4.6,1,1,277
computer-networking,4.1,1,0,1115
drug-commercialization,3.8,0,0,253
magic-middle-ages,4.8,0,0,395
uva-darden-getting-started-agile,4.3,0,0,878
uva-darden-getting-started-agile,4.2,1,0,1809
matlab,4.2,1,0,1043
vlsi-cad-logic,4.5,1,0,1631
what-is-datascience,3.3,1,0,1729
uva-darden-digital-product-management,4.9,0,0,1673
gcp-infrastructure-core-services,4.4,0,0,396
geopolitics-europe,3.6,1,0,1670
teamwork-skills-effective-communication,3.6,0,0,505
edinburgh-music-theory,3.7,1,0,1443
philosophy,4.1,1,1,1625
gcp-fundamentals,4.4,0,0,1174
multivariate-calculus-machine-learning,4.3,0,0,785
law-student,4.4,0,0,331
global-environmental-management,3.3,1,0,1595
troubleshooting-debugging-techniques,4.0,0,0,1818
intro-programming,4.4,1,1,464
python-for-data-visualization,4.8,0,0,1477
gis,4.4,0,0,1482
model-thinking,4.7,1,1,251
songwriting-lyrics,4.6,0,0,32
geopolitics-europe,4.8,1,1,1213
covid-19-what-you-need-to-know,4.0,0,0,68
machine-learning-with-python,4.1,1,1,1729
what-is-datascience,3.9,1,0,1340
initiating-planning,3.5,0,0,473
neuroscience-neuroimaging,4.8,0,0,482
machine-learning-duke,4.6,0,0,1277
cloud-infrastructure-design-process,4.7,1,0,746
gis,4.5,0,0,940
cybersecurity-roles-processes-operating-system-security,4.9,0,0,1471
horse-care,4.7,1,0,389
transmedia-storytelling,3.2,0,0,11
intro-economic-theories,3.8,1,0,1496
covid-19-contact-tracing-for-nursing-professionals,5.0,0,0,1557
building-modern-python-applications-on-aws,3.2,1,1,1152
learn-chinese,4.2,1,0,1901
python-basics,3.9,0,0,1211
data-science-course,3.6,0,0,154
golang-getting-started,3.3,0,0,1209
building-modern-python-applications-on-aws,3.2,0,0,1606
everyday-parenting,4.4,0,0,563
python-for-data-visualization,4.9,0,0,1699
probabilistic-models-in-nlp,4.4,0,0,191
uva-darden-digital-product-management,4.2,0,0,1098
gis,3.1,0,0,1302
countering-terror-violent-extremism,3.9,1,1,917
financial-markets-global,4.6,0,0,910
deep-neural-network,3.7,1,1,1134
gcp-infrastructure-scaling-automation,4.4,0,0,1503
datasciencemathskills,4.2,0,0,384
bcg-uva-darden-digital-transformation,4.6,1,1,580
money-banking,4.1,1,1,928
getting-started-with-google-sheets,4.7,1,1,399
gcp-fundamentals,3.9,0,0,1401
intro-chemistry,3.9,1,1,1238
global-financial-crisis,3.7,0,0,1587
python-programming-introduction,4.2,0,0,398
python-programming-introduction,4.3,0,0,89
plantknows,4.7,0,0,787
moral-politics,3.7,0,0,1973
clinical-trials,3.5,0,0,146
uva-darden-agile-testing,3.5,1,1,1212
uva-darden-agile-team-management,4.0,0,0,577
beyond-the-sustainable-development-goals-addressing-sustainability-and-development,4.9,1,0,792
introduction-to-cloud,4.7,0,0,1094
python-for-applied-data-science-ai,3.3,0,0,885
japanese-1,4.3,0,0,1781
build-a-computer,4.0,0,0,186
uva-darden-foundations-business-strategy,4.2,1,1,932
global-diplomacy-un,4.4,1,1,506
ibm-penetration-testing-incident-response-forensics,3.9,0,0,1134
clinicalsimulations,3.5,0,0,1591
python-crash-course,4.2,0,0,1969
gcp-infrastructure-foundation,3.8,1,0,545
convolutional-neural-networks,4.7,0,0,1017
gcp-infrastructure-scaling-automation,4.1,1,0,558
learn-to-program,3.6,1,1,1232
globalenergyandclimatepolicy,4.0,0,0,912
engineering-health-yoga-physiology,4.3,0,0,583
company-future-management,3.5,1,1,583
cs-fundamentals-2,4.6,1,1,1326
learn-korean,4.3,1,0,889
ux-design-fundamentals,4.9,0,0,1301
money-banking,3.6,0,0,804
gcp-fundamentals,4.3,1,1,1925
google-machine-learning,3.7,0,0,1342
analytics-tableau,4.1,0,0,1358
role-of-advertising,4.2,0,0,453
system-administration-it-infrastructure-services,4.2,0,0,428
elearning,4.7,1,0,460
technical-support-fundamentals,3.1,1,0,923
global-environmental-management,4.7,1,0,1086
nlp-sequence-models,3.3,0,0,23
analytics-business-metrics,4.0,1,1,1852
managing-human-resources,5.0,1,1,189
troubleshooting-debugging-techniques,4.3,0,0,1469
creative-problem-solving,3.2,0,0,962
seo-fundamentals,4.4,0,0,1720
datasciencemathskills,4.4,1,1,365
sleep,4.2,1,0,1259
erasmus-econometrics,4.2,0,0,1748
sql-data-science,3.2,1,1,1851
learn-korean,3.2,0,0,1478
gcp-fundamentals,3.8,1,0,1252
law-student,3.0,1,0,1526
writing-editing-words,4.1,0,0,1748
object-oriented-java,4.8,0,0,600
introduction-to-ai,3.2,0,0,1019
principles-of-macroeconomics,3.1,1,0,729
financial-engineering-1,3.5,1,1,1646
spanish-vocabulary-meeting-people,4.3,1,1,880
infrastructure-investing,4.4,0,0,615
ai-for-everyone,3.8,1,1,1370
intro-programming,4.0,1,0,109
mindshift,4.6,0,0,1788
introduction-blockchain-technologies,4.2,1,1,155
sas-programming-basics,4.0,0,0,1868
transmedia-storytelling,4.2,0,0,214
vlsi-cad-logic,4.7,0,0,1031
the-science-of-well-being,3.5,0,0,122
nand2tetris2,4.1,0,0,1496
devops-culture-and-mindset,3.3,0,0,1101
sustainable-finance,4.9,0,0,552
dermatology,4.6,0,0,238
truthinourbones-osteoarchaeology-archaeology,3.9,0,0,1867
challenging-forensic-science,4.0,0,0,733
matlab,4.1,1,0,1825
positive-psychology,4.0,0,0,1308
human-needs,4.1,0,0,308
essentials-global-health,4.9,0,0,348
personal-branding,4.7,0,0,466
accounting-data-analytics-python,3.5,1,1,1436
project-planning,4.7,1,1,655
epigenetics,4.8,1,0,1222
what-is-social,4.5,0,0,1601
the-business-of-product-management-one,4.5,0,0,1776
object-oriented-java,4.0,0,0,1416
introduction-to-ai,4.4,1,0,1075
modern-world-2,4.9,1,1,239
grammar-punctuation,4.3,0,0,1155
data-analysis-with-python,3.4,0,0,213
erasmus-econometrics,3.5,1,0,928
version-control-with-git,3.7,0,0,88
ai-for-everyone,3.4,1,0,1981
sdgbusiness,3.6,1,0,320
bcg-uva-darden-digital-transformation,3.8,1,0,1457
cybersecurity-compliance-framework-system-administration,4.5,0,0,1248
what-is-a-proof,3.8,1,0,845
mafash,3.5,0,0,1981
writing-editing-words,4.1,1,1,138
introduction-git-github,3.3,1,1,607
uva-darden-financial-accounting,4.4,0,0,788
convolutional-neural-networks-tensorflow,3.9,1,1,1000
intro-programming,3.8,0,0,1422
food-beverage-management,4.0,1,0,1733
game-development,4.9,1,1,1270
uva-darden-agile-team-management,3.5,1,1,1035
ai-for-medical-diagnosis,4.2,1,1,1161
gcp-fundamentals,3.4,0,0,1897
data-analysis-with-python,3.6,0,0,1524
corporate-commercial-law-part1,4.1,1,1,180
aws-fundamentals-addressing-security-risk,4.5,0,0,435
international-criminal-law,4.5,1,0,649
python-data-analysis,3.6,1,0,41
google-machine-learning,4.0,0,0,1632
japanese-1,4.0,1,1,69
strategic-management,4.6,1,1,1340
machine-learning-business-professionals,3.9,1,1,391
enterprise-architecture,3.8,1,1,1396
introduction-cybersecurity-cyber-attacks,3.6,1,0,457
excel-vba-for-creative-problem-solving-part-1,3.6,0,0,300
people-management,5.0,0,0,97
elearning,4.5,0,0,1638
seo-fundamentals,3.9,0,0,1441
sleep,4.5,0,0,1784
introduction-to-computer-programming,4.4,0,0,793
global-financial-markets-instruments,3.8,0,0,1657
beyond-the-sustainable-development-goals-addressing-sustainability-and-development,4.7,0,0,271
build-a-computer,3.9,0,0,18
dentistry101,4.7,1,1,531
international-law-in-action,3.8,1,1,595
datasciencemathskills,3.2,0,0,278
project-risk-management,4.4,0,0,1664
modern-world,4.2,0,0,489
version-control-with-git,3.3,1,1,743
cloud-azure-intro,4.1,0,0,264
foundations-big-data-analysis-sql,4.0,0,0,1512
convolutional-neural-networks,4.0,0,0,512
mindshift,4.6,0,0,1693
gcp-fundamentals,3.6,1,0,1018
human-language,3.9,0,0,900
uva-darden-managerial-accounting,3.5,0,0,200
feminism-social-justice,4.2,0,0,831
microeconomics,4.9,1,1,1164
law-student,3.2,0,0,631
matlab,3.7,1,1,1276
contemporary-art,4.7,0,0,1119
dentistry101,4.6,1,1,388
arbitration-international-disputes,4.5,1,1,1483
japanese-1,3.5,0,0,620
verb-passives,4.1,0,0,756
global-financial-markets-instruments,3.5,1,1,1275
contracts-1,4.7,1,0,418
medical-research,4.3,0,0,904
introduction-portfolio-construction-python,4.0,0,0,656
what-is-datascience,4.1,0,0,434
change-management,3.7,0,0,229
refugees-21st-century,4.7,1,0,501
systematic-review,4.4,0,0,548
intro-self-driving-cars,4.1,0,0,1088
python-for-data-visualization,3.6,0,0,1942
machine-learning-projects,4.3,1,0,756
bootstrap-4,4.0,1,1,1282
entrepreneurship-strategy,4.3,0,0,398
producing-music,3.3,0,0,684
money-banking,3.9,0,0,1188
uva-darden-bcg-pricing-strategy-cost-economics,3.9,1,1,1241
photography,4.7,0,0,1669
astro,4.3,0,0,170
cybersecurity-compliance-framework-system-administration,3.6,0,0,1806
it-security,4.9,1,0,412
machine-learning-business-professionals,3.6,1,0,1630
six-sigma-organization-advanced,4.4,0,0,256
cloud-infrastructure-design-process,4.2,0,0,1262
technology-of-music-production,3.9,0,0,56
refugees-21st-century,4.5,0,0,796
epidemiology-tools,3.6,0,0,694
forensic-accounting,4.0,1,1,592
python-data-visualization,4.8,1,1,1085
project-planning,4.6,0,0,655
bootstrap-4,4.5,0,0,550
introduction-psych,4.8,1,0,720
tensorflow-sequences-time-series-and-prediction,4.5,0,0,1251
getting-started-with-tensor-flow2,3.0,0,0,1281
python-data-visualization,4.3,1,1,1553
leading-for-equity-diversity-inclusion,4.4,1,1,1607
money-banking,3.8,0,0,1587
money-banking,4.4,1,1,811
cultural-competence-aboriginal-sydney,3.5,0,0,1488
introduction-portfolio-construction-python,4.1,0,0,1212
introduction-g-suite,4.9,1,0,328
python-operating-system,4.2,1,0,528
progfun1,4.8,0,0,1156
introduction-g-suite,4.0,1,1,134
excel-intermediate-1,4.5,1,1,645
aws-machine-learning,4.4,1,0,1541
leadership-21st-century,4.9,1,1,1505
python-for-applied-data-science-ai,3.7,0,0,1290
gcp-infrastructure-core-services,3.9,0,0,336
html-css-javascript-for-web-developers,4.4,0,0,1955
cybersecurity-roles-processes-operating-system-security,4.5,0,0,1891
forensic-science,3.6,0,0,1698
role-of-advertising,3.5,0,0,734
progfun1,4.8,0,0,1450
google-cloud-product-fundamentals,4.4,0,0,963
ai-for-medical-diagnosis,4.2,0,0,328
security-safety-globalized-world,3.3,1,1,146
golang-getting-started,3.8,1,0,203
ai-for-medical-prognosis,3.8,1,1,1258
investment-management,4.3,1,1,1173
systems-engineering,4.2,1,1,322
clinical-terminology,4.9,1,0,863
producing-music,4.3,1,0,886
child-development,4.5,1,1,339
basic-statistics,3.0,1,0,1455
uva-darden-foundations-business-strategy,3.6,0,0,1247
modern-world,4.5,0,0,33
dino101,4.1,0,0,6
fundamentals-of-reinforcement-learning,3.9,1,1,835
verb-passives,4.3,1,1,1563
cloud-infrastructure-design-process,4.4,1,1,779
programming-languages,4.4,0,0,823
python-data,4.1,1,0,1274
humanrights,3.3,0,0,1432
getting-started-with-tensor-flow2,3.2,0,0,1213
equine,3.8,0,0,781
sql-data-science,3.3,1,0,1156
introduction-g-suite,5.0,0,0,230
how-things-work,3.9,1,1,1991
statistical-inferences,3.8,0,0,1986
building-modern-python-applications-on-aws,4.3,0,0,47
contact-tracing-for-covid-19,4.5,0,0,48
international-humanitarian-law,3.7,1,0,1944
social-innovation,4.1,0,0,1656
introcss,4.7,1,1,1602
environmental-law,4.7,1,0,1382
intro-business-analytics,4.4,0,0,1451
sql-data-science,4.0,0,0,1975
learn-korean,4.3,1,1,1851
sustainability,4.6,1,0,257
excel-intermediate-1,3.5,1,1,567
deep-neural-network,4.6,1,0,1032
private-equity,3.6,1,1,709
machine-learning-with-python,4.4,0,0,202
teamwork-skills-effective-communication,4.5,1,1,1601
introtoux-principles-and-processes,3.8,1,1,1082
seo-fundamentals,3.5,1,1,1967
forensic-science,3.6,0,0,724
computational-neuroscience,3.6,1,1,1520
sustainability,4.4,0,0,108
os-power-user,4.3,0,0,255
law-student,4.2,0,0,1922
writing-editing-words,3.7,1,1,212
quality-healthcare,4.5,1,0,1738
progfun1,3.7,0,0,1279
data-science-methodology,3.9,0,0,1722
pca-machine-learning,4.0,0,0,1607
computational-neuroscience,4.3,0,0,1117
negotiation,4.4,1,1,1969
convolutional-neural-networks-tensorflow,3.8,1,1,1538
making-architecture,4.2,1,1,1344
fe-exam,4.6,1,1,244
epigenetics,4.2,1,1,1479
gcp-fundamentals,4.3,0,0,1468
visual-elements-user-interface-design,3.6,0,0,48
addiction-treatment,3.9,1,1,195
wine,4.3,1,0,516
introduction-psychology,4.6,0,0,270
cultural-competence-aboriginal-sydney,4.4,0,0,241
music-business-foundations,3.6,1,1,716
the-business-of-product-management-one,3.2,0,0,1028
google-cloud-java-spring,3.9,1,0,1238
cancer,4.3,0,0,1193
corporatestrategy,3.2,1,1,391
producing-music,4.4,0,0,1834
stem-cells,3.5,1,1,1354
contemporary-art,3.4,1,0,671
probability-intro,4.4,0,0,893
industrial-biotech,3.2,1,1,756
the-business-of-product-management-one,3.8,0,0,1206
arbitration-international-disputes,4.5,0,0,1277
anatomy403-1x,3.5,1,1,1893
global-diplomacy-un,4.4,1,1,1446
gis,3.5,1,1,1251
object-oriented-java,4.4,1,1,1403
ibm-customer-engagement-specialist,3.5,1,1,714
write-a-feature-length-screenplay-for-film-or-television,4.2,0,0,805
mastering-final-cut-pro,3.7,0,0,1784
philosophy,3.6,0,0,294
technology-of-music-production,4.5,0,0,709
financial-engineering-1,4.7,1,1,191
digital-business-models,3.8,0,0,147
music-theory,4.7,1,0,1270
financial-engineering-1,3.8,0,0,609
sas-programming-basics,3.9,0,0,996
music-business-foundations,4.0,0,0,1848
positive-psychiatry,3.5,1,1,806
philosophy,3.7,1,0,924
international-relations-theory,3.3,0,0,1133
game-development,4.2,1,1,42
python-statistics-financial-analysis,3.8,0,0,1603
covid-19-what-you-need-to-know,4.9,0,0,1073
international-relations-theory,4.1,1,0,531
basic-statistics,3.3,1,1,860
learn-korean,4.2,1,1,973
uva-darden-design-thinking-social-sector,3.6,0,0,531
machine-learning-projects,4.3,0,0,1012
financial-engineering-1,4.8,1,0,672
neuromarketing,4.7,0,0,664
financial-planning,3.7,1,1,574
bcg-uva-darden-digital-transformation,3.4,1,0,149
customer-segmentation-prospecting,3.3,1,1,245
design-strategy,4.2,0,0,1727
wine,3.3,0,0,847
creative-thinking-techniques-and-tools-for-success,4.4,0,0,1392
fe-exam,3.5,1,1,925
private-equity,4.2,0,0,1964
financial-planning,3.0,0,0,1757
immunologyfundamentalsimmunitybcells,4.1,1,1,806
mafash,4.6,1,1,520
ds,3.0,0,0,379
probabilistic-models-in-nlp,4.9,0,0,1295
understanding-arguments,4.4,1,0,12
python-data-visualization,4.0,1,0,973
covid-19-contact-tracing-for-nursing-professionals,4.3,0,0,1588
geopolitics-europe,4.9,1,1,1776
python-for-applied-data-science-ai,3.6,1,1,434
python-for-data-visualization,4.4,1,0,315
physiology,3.2,1,0,1148
essentials-global-health,4.9,0,0,751
corp-sustainability,4.7,1,1,1823
organizational-behavior,4.0,1,1,84
strategic-management,4.2,1,1,1020
contact-tracing-for-covid-19,4.1,0,0,1703
drug-commercialization,3.9,0,0,38
engineering-health-yoga-physiology,3.5,0,0,1841
project-risk-management,3.6,1,1,104
learn-speak-korean1,4.1,1,0,940
solar-energy-basics,3.5,1,1,1400
learning-how-to-learn,3.7,0,0,1700
business-model,3.3,0,0,913
six-sigma-organization-advanced,4.0,0,0,292
family-planning,4.0,1,0,9
aws-fundamentals-going-cloud-native,3.5,0,0,1673
epidemiology-tools,3.9,1,1,1665
introduction-to-ai,3.0,0,0,1091
corp-sustainability,3.5,1,1,945
data-management,3.8,0,0,1315
python-plotting,3.1,0,0,101
excel-intermediate-1,3.8,1,1,1120
self-determination-theory,4.5,1,1,1284
r-programming,3.1,1,0,1803
aws-fundamentals-going-cloud-native,3.5,1,1,1348
gcp-infrastructure-scaling-automation,4.3,1,1,1278
customer-segmentation-prospecting,3.3,0,0,556
access-control-sscp,3.4,1,0,1030
site-reliability-engineering-slos,3.5,1,1,1696
genetics-evolution,4.2,0,0,1445
entrepreneurship-strategy,3.9,0,0,1598
clinical-trials,4.2,1,1,1700
project-risk-management,4.4,0,0,832
python-statistics-financial-analysis,3.3,0,0,924
gcp-big-data-ml-fundamentals,3.2,1,1,724
technical-support-fundamentals,4.0,0,0,1655
python-for-applied-data-science-ai,3.0,1,1,1735
gcp-infrastructure-foundation,4.4,0,0,1830
google-kubernetes-engine,4.0,1,0,151
google-kubernetes-engine,4.0,0,0,179
uva-darden-managerial-accounting,3.6,0,0,614
what-is-datascience,4.1,1,1,791
sustainable-finance,4.7,1,1,990
introduction-cybersecurity-cyber-attacks,4.8,0,0,764
getting-started-with-tensor-flow2,3.5,1,1,626
python-data,3.4,1,0,452
accounting-data-analytics-python,4.3,1,1,1695
quantitative-methods,3.4,1,1,1739
cs-fundamentals-1,5.0,0,0,1118
intro-chemistry,4.3,0,0,376
financial-markets-global,4.2,1,1,121
moralities,4.1,1,0,1586
international-migrations,3.7,1,1,1334
gcp-fundamentals,4.3,1,1,115
gcp-infrastructure-foundation,3.5,1,1,940
python,4.4,0,0,317
mindfulness,3.3,1,0,264
clinical-trials,4.9,0,0,1230
oilandgas,4.0,0,0,1014
everyday-parenting,3.3,1,1,207
software-processes-and-agile-practices,4.4,0,0,789
r-programming,4.4,1,1,420
financial-engineering-1,3.8,0,0,1695
gcp-big-data-ml-fundamentals,3.5,0,0,1586
verb-passives,4.7,0,0,14
science-exercise,4.2,0,0,83
childrens-rights,4.5,0,0,1150
grammar-punctuation,4.5,0,0,420
stem-cells,3.8,1,0,545
corp-sustainability,3.4,0,0,518
contracts-1,3.9,0,0,48
everyday-excel-part-2,3.8,1,0,916
introduction-to-calculus,4.3,0,0,419
ai-for-medical-prognosis,3.9,0,0,813
supply-chain-logistics,4.2,0,0,619
excel-intermediate-1,4.8,0,0,1700
teach-online,4.9,1,0,529
horse-care,4.9,1,0,12
process-mining,4.7,1,0,1592
introduction-portfolio-construction-python,3.4,0,0,620
gcp-infrastructure-core-services,3.4,1,1,205
perfect-tenses-modals,4.8,0,0,1881
introduction-to-computer-programming,4.5,0,0,220
wine,4.8,0,0,1582
change-management,3.9,0,0,1135
gcp-infrastructure-scaling-automation,4.1,0,0,708
marketing-plan,4.4,0,0,1449
cs-fundamentals-2,3.8,1,1,93
matlab,4.5,1,1,347
gender-sexuality,3.9,0,0,1200
intro-common-law,3.3,0,0,431
preparing-cloud-associate-cloud-engineer-exam,4.4,0,0,332
arts-heritage,3.9,1,1,712
trunk-anatomy,4.2,1,1,586
modern-art-ideas,3.9,1,1,339
health-behavior-change,3.6,1,1,363
neuroscience-neuroimaging,4.9,0,0,1431
music-business-foundations,4.4,1,0,26
contracts-1,3.9,1,1,1844
data-science-methodology,4.5,1,1,360
containerized-apps-on-aws,3.9,0,0,1252
technology-of-music-production,3.8,1,1,1269
strategic-management,4.5,0,0,1469
big-data-essentials,3.4,0,0,443
uva-darden-project-management,4.7,0,0,1273
dermatology,4.2,0,0,1519
introduction-blockchain-technologies,3.5,0,0,1903
plantknows,4.9,1,0,593
version-control-with-git,3.5,1,1,1139
arbitration-international-disputes,4.4,1,1,1831
data-analytics-for-lean-six-sigma,3.7,0,0,1789
object-oriented-java,4.0,0,0,287
introduction-to-calculus,3.8,0,0,85
preparing-cloud-associate-cloud-engineer-exam,4.6,1,0,558
guitar,4.7,0,0,1107
contact-tracing-for-covid-19,4.8,0,0,348
gcp-fundamentals,3.4,0,0,861
sample-based-learning-methods,3.7,1,1,302
memoir-reader-relationship,3.5,0,0,183
big-data-essentials,3.3,0,0,1946
gcp-fundamentals,3.6,0,0,734
autodesk-revit-architectural-design,4.3,0,0,221
introduction-genomics,3.7,0,0,891
international-criminal-law,4.2,1,1,1493
teach-online,4.5,1,1,952
introduction-g-suite,3.9,1,0,1723
object-oriented-java,4.6,1,1,655
analytics-business-metrics,3.6,0,0,1087
astro,4.1,1,1,1174
sports-society,4.2,0,0,1811
electricity,3.6,0,0,980
python-basics,4.7,1,1,344
professional-emails-english,4.0,1,1,460
data-analysis-with-python,3.9,0,0,309
clinical-data-management,4.1,1,1,788
corporatestrategy,4.3,0,0,1691
child-development,4.1,0,0,1401
introduction-g-suite,4.5,0,0,380
gcp-infrastructure-core-services,3.2,1,1,675
google-kubernetes-engine,4.4,0,0,238
philosophy,4.4,0,0,1742
uva-darden-digital-product-management,4.3,1,0,172
refugees-21st-century,4.5,0,0,28
negotiation,3.6,0,0,693
mcmc-bayesian-statistics,4.6,0,0,1040
learn-speak-korean1,3.8,1,1,619
ibm-penetration-testing-incident-response-forensics,3.7,0,0,2
schedule-projects,4.2,0,0,5
finance-for-non-financial-managers,4.7,1,0,838
convolutional-neural-networks,3.6,1,0,556
uva-darden-design-thinking-innovation,4.9,1,0,386
forensic-science,3.6,1,1,273
forensic-science,3.6,1,1,1666
perfect-tenses-modals,3.7,1,1,600
python-data-analysis,3.3,1,1,1656
clinical-research,3.8,0,0,1516
drug-discovery,3.6,0,0,50
personal-branding,3.6,0,0,1675
marketing-digital,4.4,0,0,176
introduction-to-software-product-management,4.7,1,0,82
cybersecurity-compliance-framework-system-administration,4.1,1,1,681
essentials-global-health,4.3,0,0,723
corporate-finance-essentials,3.7,0,0,211
gcp-infrastructure-core-services,3.4,0,0,951
sports-marketing,3.7,0,0,1092
guitar,4.5,0,0,73
django-database-web-apps,3.6,1,0,66
international-humanitarian-law,4.5,1,0,246
the-science-of-well-being,4.2,0,0,1482
six-sigma-organization-advanced,4.1,0,0,841
arbitration-international-disputes,3.9,1,1,523
practical-time-series-analysis,4.4,1,1,1009
learn-korean,4.4,1,0,847
modern-world,4.8,0,0,935
python-functions-files-dictionaries,4.3,0,0,1504
cybersecurity-roles-processes-operating-system-security,4.2,1,1,16
data-analytics-for-lean-six-sigma,4.2,1,0,298
songwriting-lyrics,4.4,0,0,309
project-risk-management,3.5,0,0,1234
corporatestrategy,4.2,0,0,891
model-thinking,4.1,1,1,61
sdgbusiness,4.3,1,1,330
python,3.2,1,1,1954
oilandgas,4.8,1,1,1056
dog-emotion-and-cognition,3.6,1,0,1664
kotlin-for-java-developers,4.4,1,0,1489
medical-neuroscience,3.5,1,0,1632
search-engine-optimization,4.6,1,1,1958
positive-psychology,3.8,1,1,1737
deep-neural-network,4.2,0,0,1056
systems-thinking,4.7,1,1,1919
fundamentals-of-reinforcement-learning,4.3,0,0,1220
ai-for-medical-diagnosis,4.8,0,0,1865
sql-for-data-science,3.0,0,0,560
bayesian-statistics,4.2,0,0,249
database-management,3.1,0,0,1153
introduction-to-cloud,4.9,1,1,1085
project-planning,3.6,0,0,294
tensorflow-sequences-time-series-and-prediction,3.7,1,0,1527
devops-culture-and-mindset,4.3,1,0,724
food-beverage-management,3.9,0,0,1571
schedule-projects,3.9,0,0,1842
neuroeconomics,4.6,0,0,1451
marketing-analytics,4.4,0,0,540
gcp-fundamentals,3.6,0,0,688
unraveling-the-cycling-city,4.1,0,0,1752
success,4.7,0,0,1349
object-oriented-design,4.2,0,0,595
mental-health,3.8,0,0,989
fundamentals-of-reinforcement-learning,3.9,0,0,620
people-management,4.1,0,0,1217
physiology,4.3,1,1,1124
analytics-tableau,3.7,0,0,1490
uva-darden-digital-product-management,4.7,0,0,799
learn-chinese,4.1,1,0,439
data-science-methodology,4.3,1,1,651
ecology-conservation,4.9,0,0,797
the-science-of-well-being,3.6,1,0,44
changing-global-order,4.3,0,0,1440
site-reliability-engineering-slos,3.1,0,0,629
typography,4.1,0,0,1479
cybersecurity-roles-processes-operating-system-security,4.1,1,1,1650
typography,4.7,0,0,1815
natural-language-processing-tensorflow,4.6,0,0,1823
public-policy,4.2,0,0,11
financial-engineering-1,4.4,0,0,439
google-kubernetes-engine,4.3,1,0,1042
cybersecurity-compliance-framework-system-administration,5.0,0,0,709
songwriting-lyrics,4.2,0,0,616
technology-of-music-production,4.4,1,0,306
company-future-management,4.8,0,0,1303
uol-machine-learning-for-all,4.3,1,0,162
excel-vba-for-creative-problem-solving-part-1,3.7,0,0,15
mindshift,4.5,1,1,1937
bioinformatics,3.8,0,0,613
applied-data-science-capstone,4.9,0,0,252
excel-essentials,4.6,0,0,202
understanding-arguments,3.7,1,1,124
becoming-a-veterinarian,4.5,0,0,1776
introduction-to-ai,3.5,0,0,1261
epidemiology,3.6,0,0,1388
sample-based-learning-methods,3.3,1,1,329
environmental-law,3.8,1,1,823
project-planning,3.9,0,0,1723
sql-for-data-science,3.2,1,1,103
ibm-customer-engagement-specialist,3.1,1,0,1214
uva-darden-financial-accounting,4.7,1,1,1704
python-machine-learning,4.0,0,0,511
introtoux-principles-and-processes,3.9,1,0,324
learn-korean,3.9,0,0,496
pca-machine-learning,4.7,1,1,1109
big-history,4.2,0,0,1955
leading-for-equity-diversity-inclusion,4.4,1,1,1649
natural-language-processing-tensorflow,5.0,1,1,1174
marketing-plan,3.1,1,1,1550
drug-development,3.7,1,1,1782
introduction-to-computer-programming,4.4,1,0,1206
music-theory,4.6,1,0,212
python-functions-files-dictionaries,3.4,0,0,1181
mastering-final-cut-pro,4.3,0,0,150
unraveling-the-cycling-city,3.4,1,1,654
uva-darden-financial-accounting,4.6,1,1,1565
blockchain-basics,4.7,1,1,1803
machine-learning-with-python,4.6,0,0,184
information-systems-audit,4.4,1,1,433
data-analysis-with-python,3.1,0,0,239
object-oriented-java,3.6,0,0,1264
vlsi-cad-logic,3.9,1,0,1629
aboriginal-education,3.7,0,0,579
mastering-final-cut-pro,3.6,0,0,1938
introduction-to-ai,3.3,0,0,255
gcp-fundamentals,3.1,0,0,1488
summary-statistics,4.7,0,0,1830
gcp-infrastructure-scaling-automation,4.1,1,1,504
python-for-applied-data-science-ai,4.2,1,1,499
introduction-to-software-product-management,4.6,1,1,194
spectroscopy,4.0,0,0,192
sustainable-finance,4.5,0,0,1632
food-beverage-management,3.6,0,0,189
ml-foundations,3.6,1,1,1719
finance-for-non-finance,4.3,1,0,984
model-thinking,4.0,0,0,1131
systems-engineering,3.2,1,0,675
information-systems-audit,4.8,1,1,783
uva-darden-digital-product-management,4.9,0,0,1495
python-data-analysis,3.4,0,0,1153
quantum-computing-algorithms,4.7,0,0,1811
what-is-datascience,3.9,1,0,769
teamwork-skills-effective-communication,3.6,0,0,1803
writing-editing-words,3.8,0,0,900
html,3.1,1,1,1716
deep-neural-network,4.7,0,0,1790
forensic-accounting,4.3,0,0,1390
project-planning,4.8,0,0,885
troubleshooting-debugging-techniques,4.1,0,0,456
six-sigma-principles,3.7,1,1,4
infrastructure-investing,3.8,0,0,833
entrepreneurship-strategy,3.6,1,1,488
sdgbusiness,4.0,1,1,860
transformation-global-food-system,3.7,0,0,179
refugees-21st-century,3.8,0,0,688
roman-architecture,3.5,0,0,690
negotiation,4.8,1,0,1382
positive-psychiatry,3.7,1,0,273
python-data,4.5,1,0,1976
english-principles,3.9,1,0,154
gcp-fundamentals,3.2,0,0,1759
sample-based-learning-methods,3.7,1,1,1128
spectroscopy,4.7,0,0,1187
object-oriented-java,4.9,1,1,1714
process-mining,3.5,1,0,1184
uva-darden-managerial-accounting,4.6,1,1,184
perfect-tenses-modals,4.2,1,1,441
microbiome,4.5,0,0,458
introduction-to-ai,4.4,1,1,1165
systems-thinking,3.6,1,0,1250
stochasticprocesses,3.3,0,0,1195
gcp-fundamentals,3.5,0,0,442
international-migrations,4.2,0,0,109
business-transformation-google-cloud,4.5,0,0,1962
sql-data-science,3.6,0,0,1558
forensic-accounting,4.1,0,0,1288
uva-darden-financial-accounting,4.9,0,0,647
gcp-fundamentals,4.2,1,0,1310
introduction-psych,4.3,1,0,903
getinmooc,3.5,1,0,490
bootstrap-4,3.6,0,0,1060
remote-team-management,3.9,1,0,1155
financial-engineering-1,3.2,1,0,174
clinicalsimulations,4.4,1,1,1477
organizational-behavior,4.7,0,0,1925
design-strategy,4.2,0,0,56
roman-architecture,4.6,0,0,42
data-analysis-with-python,4.5,0,0,1446
python-databases,3.5,0,0,1644
linear-algebra-machine-learning,5.0,1,0,1235
access-control-sscp,3.3,1,1,312
finance-for-non-finance,4.3,0,0,1474
electricity,4.8,1,0,591
what-is-social,3.1,1,0,1621
legal-tech-startups,4.9,1,0,800
oilandgas,4.6,0,0,550
gis,3.3,1,1,1989
technology-of-music-production,4.7,1,0,1503
model-thinking,4.9,0,0,628
uva-darden-agile-team-management,4.2,1,1,110
what-is-social,4.3,0,0,145
introduction-g-suite,4.2,0,0,1797
machine-learning-business-professionals,3.8,1,1,1390
seo-fundamentals,4.5,0,0,897
data-science-methodology,3.8,0,0,747
everyday-parenting,3.6,1,0,591
humanrights,3.4,1,1,904
making-architecture,3.9,1,0,613
international-law-in-action,4.5,1,1,9
object-oriented-java,4.1,1,0,1298
business-transformation-google-cloud,4.0,0,0,1747
marketing-analytics,3.5,0,0,10
supply-chain-principles,4.7,0,0,1752
speak-english-professionally,3.1,0,0,1501
engineering-health-yoga-physiology,3.8,0,0,60
dino101,4.3,1,1,819
magic-middle-ages,4.5,0,0,801
gcp-infrastructure-scaling-automation,4.7,0,0,1340
introduction-git-github,3.5,1,1,454
ecology-conservation,4.7,1,1,303
autism-spectrum-disorder,4.8,0,0,267
information-systems-audit,4.2,1,1,803
tensorflow-sequences-time-series-and-prediction,4.3,0,0,477
visual-elements-user-interface-design,4.0,1,1,1668
diversity-inclusion-workplace,3.9,0,0,1524
food-beverage-management,4.9,0,0,102
global-environmental-management,3.9,1,0,73
teachlanguageonline,3.8,0,0,666
social-media-marketing-introduction,4.1,0,0,1770
nutrition-pregnancy,4.0,0,0,1908
uva-darden-managerial-accounting,4.2,0,0,1366
python-programming-introduction,4.0,0,0,1617
understanding-arguments,3.9,1,0,1854
manage-health-covid-19,3.7,0,0,840
python-plotting,4.1,1,0,295
contracts-1,4.8,0,0,1293
aws-machine-learning,4.2,1,0,455
mindfulness,3.8,1,1,1432
science-exercise,3.9,1,0,459
web-development,4.3,0,0,93
technology-of-music-production,4.1,1,1,1230
six-sigma-principles,4.3,0,0,819
statistical-inferences,4.5,1,1,335
python-for-data-visualization,4.3,1,1,1173
golang-getting-started,4.5,0,0,1446
introcss,4.4,1,1,1408
aws-fundamentals-addressing-security-risk,4.6,1,0,111
quality-healthcare,3.6,0,0,1784
modern-world,4.4,0,0,1835
pca-machine-learning,4.3,1,1,741
nutrition-pregnancy,4.9,0,0,1559
international-taxation,4.4,0,0,1385
classification-vector-spaces-in-nlp,4.3,1,1,1860
visual-elements-user-interface-design,3.8,0,0,300
everyday-parenting,3.2,0,0,1085
information-systems-audit,3.8,0,0,232
legal-tech-startups,4.0,0,0,1549
remote-team-management,3.8,0,0,529
enterprise-architecture,4.4,0,0,1654
python-network-data,4.3,0,0,1259
gcp-big-data-ml-fundamentals,3.3,1,0,1041
exposure-photography,4.3,1,1,236
building-modern-python-applications-on-aws,3.0,1,1,412
python-for-data-visualization,4.0,0,0,1749
applied-data-science-capstone,4.6,0,0,1654
medical-neuroscience,4.5,0,0,1431
renewable-energy-entrepreneurship,4.1,0,0,269
change-management,3.9,1,0,865
quality-healthcare,3.6,0,0,680
google-kubernetes-engine,4.1,0,0,1709
ds,3.5,1,0,750
gcp-infrastructure-foundation,3.5,1,0,889
data-science-k-means-clustering-python,3.4,1,0,858
exposure-photography,3.7,0,0,508
business-english-intro,4.5,1,1,897
international-humanitarian-law,3.8,1,1,1547
everyday-chinese-medicine,3.5,1,1,1884
verb-passives,3.6,0,0,199
getting-started-with-essay-writing,3.7,1,0,237
equine,4.5,0,0,561
kotlin-for-java-developers,4.6,1,0,137
speak-english-professionally,4.2,1,0,1153
system-administration-it-infrastructure-services,3.9,0,0,984
positive-psychiatry,4.5,1,1,1522
nlp-sequence-models,4.4,1,1,1283
iiot-google-cloud-platform,3.9,1,1,333
understanding-financial-markets,3.8,1,1,811
uva-darden-agile-team-management,4.7,1,1,563
digital-analytics,4.4,1,1,1068
vlsi-cad-logic,4.0,0,0,1947
epigenetics,4.4,1,0,1158
memoir-reader-relationship,3.1,0,0,1040
data-analysis-with-python,3.7,0,0,1883
troubleshooting-debugging-techniques,3.4,0,0,173
python-data-visualization,3.9,1,1,551
search-engine-optimization,4.2,0,0,1559
cs-fundamentals-1,3.8,0,0,608
intro-accounting-data-analytics-visual,3.3,1,1,1519
edinburgh-music-theory,3.7,0,0,98
engineering-mechanics-statics,3.7,0,0,491
gcp-fundamentals,3.7,1,0,1392
google-kubernetes-engine,3.5,1,1,211
getting-started-with-tensor-flow2,4.2,0,0,997
cybersecurity-roles-processes-operating-system-security,4.8,0,0,392
quality-healthcare,3.6,0,0,1315
beyond-the-sustainable-development-goals-addressing-sustainability-and-development,4.0,0,0,51
google-cloud-product-fundamentals,4.4,0,0,1137
race-cultural-diversity-american-life,3.8,0,0,626
cs-fundamentals-1,4.2,0,0,536
finance-for-non-financial-managers,3.7,1,0,1920
music-theory,4.2,1,1,1950
introtoux-principles-and-processes,4.3,0,0,490
social-media-marketing-introduction,3.9,0,0,1221
python-machine-learning,3.3,1,0,422
python-data,4.2,0,0,509
english-principles,3.6,1,0,1300
enterprise-architecture,3.3,0,0,1218
uva-darden-digital-product-management,4.7,0,0,1212
project-planning,4.0,1,1,1328
modern-art-ideas,3.6,1,0,221
speak-english-professionally,3.3,1,1,678
international-humanitarian-law,4.8,0,0,1868
uva-darden-foundations-business-strategy,4.4,0,0,1189
countering-terror-violent-extremism,3.5,0,0,1832
python-data,4.1,0,0,778
epidemiology-tools,5.0,1,1,752
six-sigma-principles,3.8,1,0,304
applied-data-science-capstone,4.3,1,0,1207
what-is-datascience,4.1,0,0,844
natural-language-processing-tensorflow,4.1,0,0,1853
marketing-plan,4.2,1,0,413
gcp-fundamentals,4.1,1,1,1167
ml-foundations,3.5,0,0,1841
everyday-excel-part-1,4.7,0,0,324
financial-engineering-1,4.1,0,0,1761
html,3.5,0,0,1012
the-cycle,4.9,1,0,1642
uva-darden-continous-delivery-devops,3.5,0,0,1889
web-development,3.6,0,0,610
front-end-react,3.3,1,1,1335
uva-darden-design-thinking-innovation,4.3,0,0,1414
cybersecurity-roles-processes-operating-system-security,4.5,0,0,1543
everyday-excel-part-1,4.1,0,0,686
computational-neuroscience,3.6,1,0,1552
moral-politics,3.5,0,0,661
ai-for-medical-prognosis,3.7,1,0,327
making-architecture,3.7,1,0,1316
statistical-inferences,4.2,1,1,1055
aboriginal-education,3.7,1,0,1402
intercultural,3.6,1,1,1895
dairy-production,4.7,1,0,777
nlp-sequence-models,4.4,1,0,620
manage-health-covid-19,5.0,1,0,1751
gcp-fundamentals,3.6,0,0,1502
cloud-infrastructure-design-process,4.4,1,1,260
python,4.2,0,0,1248
introduction-psychology,4.4,0,0,1790
trunk-anatomy,4.5,0,0,1570
introduction-git-github,3.8,0,0,686
personal-branding,4.3,1,1,1739
sdgbusiness,4.2,1,1,61
build-a-computer,3.6,0,0,1720
gcp-infrastructure-scaling-automation,3.9,0,0,1998
cybersecurity-compliance-framework-system-administration,4.2,0,0,258
engineering-mechanics-statics,3.5,1,1,91
sports-marketing,3.5,1,0,425
intro-business-analytics,3.8,0,0,25
microbiome,3.6,1,1,1193
schedule-projects,4.6,0,0,1506
big-data-introduction,3.2,0,0,1720
html-css-javascript-for-web-developers,3.6,0,0,511
cloud-infrastructure-design-process,3.8,0,0,1794
bayesian-statistics,4.6,1,1,1535
bootstrap-4,3.4,0,0,836
applied-data-science-capstone,3.6,1,0,897
machine-learning-with-python,4.2,1,1,375
intro-common-law,4.5,1,1,1718
intercultural,4.0,0,0,1344
data-analytics-for-lean-six-sigma,3.7,1,1,128
ibm-customer-engagement-specialist,3.7,1,1,1235
search-engine-optimization,4.9,1,1,1747
write-your-first-novel,3.9,1,1,1368
producing-music,4.5,1,1,1919
preparing-cloud-associate-cloud-engineer-exam,4.8,1,1,1896
gcp-fundamentals,3.2,0,0,1868
introduction-statistics-data-analysis-public-health,4.4,0,0,1840
systems-engineering,3.1,1,1,62
python-basics,3.8,1,1,212
nand2tetris2,3.0,0,0,1829
drug-discovery,4.5,1,1,403
uva-darden-foundations-business-strategy,4.7,0,0,345
uva-darden-agile-team-management,4.3,1,0,195
introduction-to-software-product-management,4.6,0,0,822
information-security-data,4.8,0,0,1277
classical-sociological-theory,4.7,1,0,1551
theropods-birds,4.3,0,0,1179
intro-economic-theories,4.6,0,0,413
gender-sexuality,4.7,0,0,941
modern-world-2,3.6,1,1,1425
building-modern-python-applications-on-aws,3.4,1,0,1233
corporate-finance-essentials,4.0,1,0,354
enterprise-architecture,4.2,0,0,1619
grammar-punctuation,3.4,1,1,1388
global-diplomacy-un,4.8,1,1,1283
programming-languages,4.2,1,0,1038
uva-darden-agile-team-management,4.8,0,0,1223
introduction-statistics-data-analysis-public-health,3.3,0,0,1416
os-power-user,3.7,0,0,487
python-data-analysis,3.5,1,1,1938
introduction-to-ai,4.1,0,0,1848
oilandgas,4.3,0,0,1917
probabilistic-models-in-nlp,3.9,1,1,868
machine-learning-business-professionals,3.7,0,0,356
geopolitics-europe,3.5,0,0,422
introduction-portfolio-construction-python,4.3,1,0,1750
producing-music,3.3,1,0,1548
learning-how-to-learn,3.2,0,0,1753
python-basics,3.6,0,0,1450
golang-getting-started,3.4,0,0,1399
epidemic-pandemic-outbreak,3.7,0,0,1349
international-migrations,4.5,1,0,1988
stochasticprocesses,4.6,1,1,207
vlsi-cad-logic,3.8,1,0,1950
sql-for-data-science,4.3,1,0,1468
big-data-essentials,3.0,0,0,1387
neuromarketing,4.8,1,1,1465
what-is-datascience,3.7,1,1,418
accounting-data-analytics-python,3.1,1,1,845
learn-chinese,4.4,0,0,526
python-for-data-visualization,3.5,0,0,1781
seo-fundamentals,4.6,0,0,30
principles-of-macroeconomics,3.7,1,1,1502
contracts-1,4.1,0,0,992
ecology-conservation,4.4,1,0,1479
digital-analytics,3.6,0,0,1544
computational-neuroscience,3.8,1,0,1972
uva-darden-project-management,3.9,1,1,263
cloud-infrastructure-design-process,3.9,0,0,1964
introduction-tensorflow,4.6,0,0,666
corporate-finance-essentials,4.3,0,0,1174
essentials-global-health,4.4,0,0,493
gcp-infrastructure-core-services,3.1,1,0,1238
business-english-intro,3.2,1,0,1119
six-sigma-organization-advanced,4.5,1,0,1366
gcp-infrastructure-core-services,3.1,1,0,1101
introduction-psychology,4.8,1,1,1024
digital-analytics,4.4,0,0,998
probabilistic-models-in-nlp,4.9,0,0,1331
python-functions-files-dictionaries,3.3,1,1,742
infrastructure-investing,3.3,0,0,499
public-policy,4.1,1,1,449
everyday-parenting,3.1,0,0,1522
clinicalsimulations,4.1,0,0,987
curanderismo-plants,3.9,1,0,787
construction-project-management,4.6,1,1,344
sample-based-learning-methods,4.1,0,0,1510
classical-sociological-theory,4.6,0,0,1258
food-beverage-management,3.7,0,0,968
digital-analytics,4.4,0,0,1760
neuroeconomics,4.1,1,0,1040
clinical-data-management,3.4,0,0,49
python-machine-learning,3.6,0,0,263
os-power-user,3.7,1,1,1349
multivariate-calculus-machine-learning,5.0,0,0,365
becoming-a-veterinarian,4.0,1,1,1326
renewable-energy-entrepreneurship,3.4,1,1,1649
solar-energy-basics,4.1,0,0,160
aws-fundamentals-going-cloud-native,3.7,1,1,422
introduction-psychology,3.9,1,1,1006
intro-programming,3.7,0,0,1127
nutrition-pregnancy,4.3,1,1,233
ai-for-medical-prognosis,4.9,0,0,903
drug-commercialization,4.1,1,1,1869
gcp-fundamentals,4.1,0,0,1075
everyday-excel-part-1,4.9,0,0,1481
intro-economic-theories,4.0,0,0,1076
machine-learning-with-python,4.4,0,0,286
becoming-a-veterinarian,4.7,1,0,1904
financial-markets-global,3.4,1,0,1851
what-is-a-proof,4.7,0,0,440
corporatestrategy,3.7,0,0,1133
modern-world-2,4.2,1,0,130
english-principles,4.2,1,1,1212
corporatestrategy,4.3,1,0,258
corporatestrategy,4.2,1,1,1614
cloud-infrastructure-design-process,4.4,0,0,1051
everyday-excel-part-1,4.4,1,1,732
corp-sustainability,4.5,0,0,527
ds,3.3,1,0,1104
forensic-science,4.0,0,0,1674
it-security,4.1,1,0,1542
design-strategy,3.5,1,1,1804
epidemiology-tools,4.2,1,0,1780
basic-statistics,3.4,1,1,439
microeconomics,4.6,1,1,1549
exposure-photography,3.9,0,0,802
supply-chain-principles,4.3,1,0,44
intro-accounting-data-analytics-visual,3.5,1,1,1148
bootstrap-4,4.4,1,0,1798
learn-speak-korean1,3.9,0,0,517
cloud-infrastructure-design-process,4.5,1,0,1168
object-oriented-java,3.9,1,1,23
finding-purpose-and-meaning-in-life,3.7,0,0,1488
user-experience-design,3.8,1,1,501
change-management,4.0,1,0,1733
european-law-fundamentals,3.2,1,1,416
plantknows,4.7,1,1,1389
international-law-in-action-2,3.3,0,0,1762
excel-data-analysis-fundamentals,3.3,0,0,1442
uva-darden-managerial-accounting,3.8,0,0,1268
machine-learning-with-python,4.7,1,1,1007
public-policy,4.4,1,1,665
what-is-datascience,3.3,1,1,884
what-is-datascience,3.7,1,0,1885
sql-data-science,3.1,0,0,1043
transmedia-storytelling,4.1,0,0,155
gcp-infrastructure-core-services,3.9,0,0,227
wind-energy,4.7,1,1,1096
cultural-competence-aboriginal-sydney,4.7,0,0,1518
autism-spectrum-disorder,4.4,0,0,80
international-law-in-action-2,3.1,1,1,1269
renewable-energy-entrepreneurship,4.3,0,0,78
introduction-to-software-product-management,3.9,0,0,297
python-for-data-visualization,4.4,1,1,619
getting-started-with-google-sheets,4.8,1,1,1241
countering-terror-violent-extremism,4.7,1,0,591
clinical-terminology,4.0,0,0,1740
excel-data-analysis-fundamentals,4.1,0,0,399
gcp-infrastructure-scaling-automation,4.1,1,1,1297
uva-darden-getting-started-agile,4.5,1,1,1326
elearning,3.7,0,0,1835
creative-thinking-techniques-and-tools-for-success,3.7,1,1,302
philosophy-cognitive-sciences,3.7,0,0,1595
django-database-web-apps,3.2,0,0,570
tensorflow-sequences-time-series-and-prediction,3.9,1,0,1730
marketing-digital,3.3,1,1,1986
corporatestrategy,4.4,0,0,1510
python-operating-system,3.1,0,0,145
probability-intro,3.2,0,0,226
big-history,4.7,0,0,721
psychological-first-aid,4.9,1,0,721
microbiome,3.2,1,0,566
python-databases,3.4,1,1,1670
uva-darden-design-thinking-social-sector,3.9,1,1,1912
introduction-to-ai,3.2,1,0,1495
cybersecurity-roles-processes-operating-system-security,4.0,0,0,1189
autodesk-autocad-design-drafting,4.1,1,0,67
leading-for-equity-diversity-inclusion,3.3,0,0,183
cybersecurity-compliance-framework-system-administration,3.6,1,1,910
beyond-the-sustainable-development-goals-addressing-sustainability-and-development,5.0,1,1,1356
child-development,3.3,1,0,1712
instructional-design-foundations-applications,3.7,1,1,386
construction-project-management,4.1,1,0,22
preparing-cloud-associate-cloud-engineer-exam,3.9,1,1,1619
excel-data-analysis-fundamentals,4.1,1,1,501
writing-editing-words,4.2,0,0,1919
dino101,3.8,1,1,1259
computer-networking,4.2,1,1,1017
bayesian-statistics,4.7,0,0,793
philosophy-cognitive-sciences,4.8,1,1,194
cloud-infrastructure-design-process,4.1,0,0,666
solar-energy-basics,4.7,1,1,1002
data-analysis-with-python,4.0,1,0,1986
leadership-21st-century,4.8,0,0,1084
epidemiology,4.3,0,0,1772
python-for-applied-data-science-ai,4.4,0,0,1822
understanding-arguments,3.8,1,1,1780
gcp-infrastructure-foundation,3.8,1,1,1597
dog-emotion-and-cognition,3.9,0,0,1836
weight-management-beyond-balancing-calories,5.0,0,0,497
java-programming,4.3,1,0,1851
open-source-tools-for-data-science,3.7,1,1,1390
python-data,4.3,0,0,362
music-business-foundations,4.8,0,0,1619
foundations-of-mindfulness,4.7,0,0,21
corporate-commercial-law-part1,3.9,0,0,1990
intro-common-law,3.3,1,0,1157
introduction-g-suite,3.7,1,0,624
diversity-inclusion-workplace,4.9,1,1,1828
introduction-to-software-product-management,4.1,1,1,979
international-law-in-action-2,4.2,1,1,1659
python-basics,3.5,0,0,62
human-language,3.3,0,0,1415
google-machine-learning,4.8,1,0,848
introduction-to-ai,4.0,1,1,437
moral-politics,5.0,1,1,458
engineering-health-yoga-physiology,3.8,1,0,1495
international-relations-theory,4.0,0,0,1739
cultural-competence-aboriginal-sydney,4.0,1,0,1798
user-experience-design,4.7,1,0,970
introduction-psychology,4.7,0,0,1769
java-programming,4.4,1,0,417
diversity-inclusion-workplace,3.5,1,1,276
sports-society,3.7,0,0,1266
teach-online,4.0,1,1,245
international-humanitarian-law,4.5,0,0,1676
neuromarketing,4.6,0,0,1092
erasmus-econometrics,3.5,0,0,288
python-data,4.0,0,0,842
excel-essentials,4.6,1,1,228
humanrights,4.5,0,0,715
nutrition-pregnancy,4.4,1,1,1096
data-analysis-with-python,4.3,1,1,249
foundations-of-mindfulness,4.3,1,1,627
datasciencemathskills,3.2,1,1,520
brand,3.8,0,0,533
technical-support-fundamentals,4.4,0,0,948
international-law-in-action-2,3.6,1,0,1547
intro-programming,3.7,1,1,1163
applied-data-science-capstone,4.3,0,0,766
data-analysis-with-python,3.0,0,0,1630
communication-strategies-virtual-age,4.2,1,1,1701
stochasticprocesses,4.6,1,1,153
finance-for-non-finance,3.9,1,0,590
wind-energy,4.1,0,0,1859
professional-emails-english,4.3,0,0,1504
introduction-g-suite,4.8,1,1,233
devops-culture-and-mindset,3.2,0,0,1262
access-control-sscp,3.4,0,0,1499
introduction-tensorflow,3.8,1,1,102
chemicals-health,3.5,0,0,802
curanderismo-plants,4.5,1,1,1847
finance-for-non-financial-managers,4.6,1,0,937
mafash,4.8,0,0,1792
what-is-social,3.7,0,0,33
construction-project-management,4.3,0,0,1313
bcg-uva-darden-digital-transformation,4.0,1,0,76
international-security-management,4.0,0,0,520
understanding-financial-markets,4.1,1,0,1002
data-science-course,4.1,1,1,265
machine-learning-business-professionals,4.1,1,1,256
uva-darden-agile-team-management,4.3,1,1,1126
mindshift,4.8,1,1,1214
machine-learning-with-python,4.0,1,1,585
child-development,3.9,1,1,804
datasciencemathskills,3.2,0,0,600
neurobiology,4.7,0,0,930
summary-statistics,4.3,0,0,137
machine-learning-with-python,4.9,0,0,1054
songwriting-lyrics,4.6,0,0,1452
introduction-psych,3.8,0,0,728
python-for-data-visualization,4.9,1,0,1756
brand,3.2,1,0,1458
learn-chinese,3.0,0,0,946
understanding-financial-markets,4.1,0,0,798
introduction-to-calculus,3.9,1,1,1214
managing-human-resources,4.6,0,0,336
electricity,4.7,1,0,669
pca-machine-learning,3.9,0,0,90
sql-data-science,3.4,0,0,778
leadership-21st-century,4.2,0,0,1154
cloud-azure-intro,4.2,1,1,493
contracts-1,4.8,1,1,253
intro-business-analytics,3.2,1,0,304
emt-foundations,4.5,0,0,1618
cybersecurity-compliance-framework-system-administration,4.2,0,0,1200
social-innovation,4.6,0,0,650
self-determination-theory,4.0,1,0,1980
people-management,3.6,0,0,1606
anatomy403-1x,4.7,0,0,1715
covid-19-what-you-need-to-know,4.1,1,1,1703
gcp-fundamentals,4.3,0,0,1478
data-analysis-with-python,3.7,1,0,313
embedded-software-hardware,3.5,1,0,732
python-data-visualization,4.6,0,0,1930
high-stakes-leadership,4.3,1,1,445
role-of-advertising,3.5,1,1,1413
science-exercise,4.7,1,0,1052
systematic-review,3.9,1,1,1601
fundamentals-of-graphic-design,3.1,1,1,113
corporate-commercial-law-part1,3.4,0,0,1365
gender-sexuality,4.5,0,0,1780
construction-project-management,4.7,0,0,548
unraveling-the-cycling-city,4.3,1,1,748
python-for-applied-data-science-ai,4.3,1,0,813
people-management,3.8,0,0,1449
aboriginal-education,4.8,0,0,941
r-programming,3.4,0,0,24
public-speaking,3.7,0,0,1290
uva-darden-getting-started-agile,3.9,1,1,921
global-financial-markets-instruments,4.2,1,0,1337
technology-of-music-production,4.5,0,0,1017
classification-vector-spaces-in-nlp,4.1,0,0,566
oilandgas,5.0,1,0,573
curanderismo-plants,3.6,1,1,1548
finding-purpose-and-meaning-in-life,4.2,0,0,1195
sql-data-science,3.0,1,1,1680
applied-data-science-capstone,3.7,1,1,84
epigenetics,4.8,1,0,802
datasciencemathskills,3.9,0,0,1239
r-programming,3.7,1,0,467
python-data,3.5,0,0,1642
object-oriented-java,4.8,0,0,1137
business-english-intro,4.3,1,1,1414
drug-development,4.8,0,0,1622
cybersecurity-roles-processes-operating-system-security,4.6,0,0,1404
the-business-of-product-management-one,4.4,0,0,648
global-financial-markets-instruments,4.4,1,1,371
introduction-psychology,4.4,0,0,1114
open-source-tools-for-data-science,3.5,1,1,430
advanced-valuation-and-strategy,4.4,0,0,840
machine-learning-with-python,5.0,0,0,256
cloud-infrastructure-design-process,4.4,0,0,558
epidemiology,3.6,1,1,1280
security-safety-globalized-world,4.1,0,0,1795
foundations-of-mindfulness,4.5,1,1,903
getinmooc,3.3,0,0,1320
truthinourbones-osteoarchaeology-archaeology,3.7,0,0,395
sas-programming-basics,4.3,1,1,1985
gcp-big-data-ml-fundamentals,3.3,0,0,1081
epidemic-pandemic-outbreak,3.6,0,0,1284
mindfulness,3.9,0,0,957
google-kubernetes-engine,4.3,1,1,1515
biohacking-your-brains-health,4.1,0,0,430
site-reliability-engineering-slos,3.3,1,0,990
understanding-arguments,3.7,1,1,980
gender-sexuality,4.7,1,1,388
excel-data-analysis-fundamentals,4.1,1,0,1694
edinburgh-music-theory,4.4,0,0,1885
corporate-finance-essentials,4.3,0,0,1796
producing-music,3.6,0,0,1736
role-of-advertising,4.0,1,0,960
investment-management,3.5,1,1,1255
excel-data-analysis-fundamentals,3.0,1,1,1052
health-behavior-change,4.8,0,0,1069
engineering-health-yoga-physiology,4.0,1,1,1369
duke-behavioral-finance,4.4,1,0,1450
uva-darden-agile-team-management,3.7,0,0,790
family-planning,4.8,1,1,1776
innovation-through-design,4.2,1,1,244
python-for-data-visualization,4.3,0,0,797
vlsi-cad-logic,4.6,1,0,1186
diversity-inclusion-workplace,3.5,1,1,1735
european-law-fundamentals,4.6,0,0,1298
biohacking-your-brains-health,4.1,0,0,1945
theropods-birds,4.3,1,1,1066
introduction-g-suite,4.2,1,0,1360
data-analysis-with-python,4.0,0,0,1693
probability-statistics,4.4,1,1,826
r-programming,3.9,0,0,1820
sql-data-science,4.3,0,0,69
corporatestrategy,4.1,0,0,1928
os-power-user,3.6,1,0,825
sql-data-science,3.3,0,0,854
blockchain-basics,4.8,1,0,82
applied-data-science-capstone,4.5,1,0,685
write-a-feature-length-screenplay-for-film-or-television,4.4,1,0,859
producing-music,4.5,1,0,341
arbitration-international-disputes,4.1,0,0,337
food-beverage-management,3.7,0,0,858
seo-fundamentals,4.4,0,0,61
systems-thinking,3.8,0,0,779
version-control-with-git,4.5,0,0,276
uva-darden-getting-started-agile,3.7,1,1,1529
the-cycle,4.9,0,0,345
convolutional-neural-networks,3.5,0,0,110
manage-health-covid-19,3.5,1,1,1503
sustainable-finance,4.1,1,0,1696
data-visualization-tableau,4.7,1,1,718
contemporary-art,4.2,0,0,1051
machine-learning-projects,4.1,0,0,703
excel-essentials,3.6,0,0,882
contemporary-art,3.2,1,0,1945
music-theory,3.8,0,0,159
seo-fundamentals,3.6,0,0,1579
philosophy,3.9,1,0,597
machine-learning-projects,4.0,1,0,1187
getinmooc,3.6,0,0,1975
initiating-planning,3.4,0,0,263
intro-accounting-data-analytics-visual,3.2,1,1,1763
chemicals-health,3.3,0,0,1860
excel-intermediate-2,3.9,0,0,202
excel-essentials,3.7,0,0,546
arbitration-international-disputes,4.2,1,1,220
cloud-infrastructure-design-process,3.6,1,1,1972
python-for-data-visualization,4.0,0,0,285
personal-branding,4.4,1,0,768
uva-darden-project-management,3.8,0,0,1439
cloud-infrastructure-design-process,4.2,0,0,28
cybersecurity-roles-processes-operating-system-security,5.0,1,0,1489
python-for-applied-data-science-ai,3.4,0,0,702
gcp-fundamentals,3.5,1,1,382
introduction-to-ai,3.3,0,0,1073
infrastructure-investing,3.7,0,0,1945
truthinourbones-osteoarchaeology-archaeology,3.8,1,0,1637
digital-analytics,3.4,1,1,1356
technical-support-fundamentals,4.3,1,1,24
gcp-fundamentals,4.0,0,0,1212
python-machine-learning,3.6,1,0,71
financial-engineering-1,3.5,0,0,1202
python-plotting,4.4,1,0,187
global-energy,4.2,0,0,803
java-programming,4.0,1,0,542
marketing-analytics,4.1,0,0,524
python-basics,4.3,1,1,228
python-for-applied-data-science-ai,3.2,0,0,1906
self-determination-theory,3.5,0,0,1895
nutrition-pregnancy,3.8,0,0,511
machine-learning-with-python,4.6,1,0,1777
forensic-science,4.2,0,0,538
ibm-penetration-testing-incident-response-forensics,3.8,0,0,516
gcp-infrastructure-scaling-automation,4.9,1,0,1445
international-security-management,4.5,0,0,1177
python-for-data-visualization,3.8,1,1,1094
foundations-of-mindfulness,3.9,0,0,445
stem-cells,4.0,1,0,430
uva-darden-financial-accounting,3.9,1,0,1460
gcp-big-data-ml-fundamentals,4.3,1,0,1497
english-composition,4.4,0,0,1799
manage-health-covid-19,4.7,1,0,89
strategic-business-management-microeconomics,3.7,1,1,1455
bioinformatics,3.5,0,0,185
probabilistic-models-in-nlp,3.6,0,0,97
law-student,3.5,0,0,1148
basic-statistics,3.5,0,0,364
contracts-1,3.5,0,0,1875
dino101,4.6,0,0,256
machine-learning-business-professionals,4.0,0,0,987
fe-exam,4.0,1,1,623
introduction-to-computers-and-office-productivity-software,3.7,1,0,1542
what-is-datascience,3.5,0,0,157
addiction-treatment,4.1,0,0,1497
sustainability,3.6,1,1,186
research-methods,3.8,1,1,30
sql-for-data-science,4.4,1,1,836
forensic-science,4.4,1,0,119
perfect-tenses-modals,4.2,0,0,1898
spectroscopy,4.9,1,0,1267
sports-society,3.5,1,0,301
introduction-psych,4.7,1,1,1180
geopolitics-europe,3.9,0,0,1191
machine-learning-business-professionals,3.7,1,1,1679
deep-neural-network,4.9,1,0,237
sustainable-fashion,4.7,0,0,252
company-future-management,4.7,0,0,679
ai-for-everyone,3.3,1,0,1609
science-exercise,3.8,1,1,1290
finance-for-non-finance,3.9,1,1,546
uva-darden-agile-testing,4.3,0,0,49
astro,3.6,0,0,1185
analytics-excel,5.0,1,1,1746
race-cultural-diversity-american-life,4.5,1,0,1255
clinical-trials,4.6,1,0,8
uva-darden-continous-delivery-devops,4.1,1,1,1855
software-processes-and-agile-practices,4.6,1,0,1381
drug-commercialization,4.6,1,0,968
microeconomics,4.5,0,0,121
curanderismo-plants,5.0,0,0,1399
international-taxation,4.1,0,0,224
six-sigma-principles,3.6,1,1,1767
cancer,4.3,1,1,1484
learn-speak-korean1,3.6,0,0,752
cybersecurity-roles-processes-operating-system-security,3.6,0,0,674
sql-data-science,3.4,0,0,845
embedded-software-hardware,3.8,1,1,1858
environmental-law,4.8,0,0,1792
covid-19-contact-tracing-for-nursing-professionals,3.8,1,1,1409
uva-darden-agile-team-management,3.9,1,1,314
duke-behavioral-finance,4.3,0,0,696
mindshift,4.6,0,0,1482
os-power-user,4.4,1,1,1949
neuromarketing,4.5,0,0,125
cloud-infrastructure-design-process,3.9,1,1,1543
everyday-excel-part-2,3.2,0,0,1504
introcss,3.7,1,1,127
corporatestrategy,3.5,1,1,521
data-management,3.5,0,0,1507
leadership-21st-century,4.9,1,0,1785
neural-networks-deep-learning,4.4,0,0,674
self-determination-theory,3.3,0,0,1691
excel-data-analysis,4.4,0,0,477
google-machine-learning,4.8,0,0,358
gender-sexuality,3.7,0,0,1820
negotiation-skills,3.7,0,0,649
gcp-big-data-ml-fundamentals,3.6,0,0,1653
what-is-datascience,3.7,1,0,1648
java-programming,4.4,1,0,102
build-a-computer,4.1,0,0,577
model-thinking,4.2,1,0,1908
cloud-infrastructure-design-process,3.7,1,0,680
healing-with-the-arts,4.3,0,0,1122
data-science-course,3.1,0,0,1156
foundations-of-mindfulness,3.9,1,0,820
childrens-rights,3.7,0,0,525
epidemic-pandemic-outbreak,4.1,1,1,1990
contemporary-art,4.3,1,0,801
industrial-biotech,4.2,1,1,1739
foundations-of-mindfulness,4.4,1,1,1862
software-processes-and-agile-practices,4.8,0,0,1197
getinmooc,4.1,0,0,915
humanrights,4.3,1,0,1578
what-is-datascience,4.1,0,0,450
everyday-excel-part-2,4.0,0,0,528
google-cloud-product-fundamentals,4.3,0,0,1887
family-planning,4.9,1,1,676
industrial-biotech,4.8,1,0,394
excel-intermediate-1,4.3,0,0,1303
producing-music,3.6,0,0,1743
innovation-management,3.7,1,1,1605
forensic-accounting,4.5,1,1,1363
money-banking,3.9,0,0,181
emt-foundations,4.5,0,0,779
kotlin-for-java-developers,4.4,1,0,1034
golang-getting-started,3.4,0,0,987
r-programming,4.1,0,0,1212
big-data-essentials,3.5,1,0,1565
pca-machine-learning,4.3,0,0,1194
python-crash-course,3.2,1,1,1779
corporatestrategy,4.3,0,0,1036
enterprise-architecture,3.1,0,0,758
grammar-punctuation,3.6,1,0,468
ai-for-medical-diagnosis,4.6,1,1,424
convolutional-neural-networks-tensorflow,4.1,0,0,765
strategic-management,3.8,1,1,1835
high-stakes-leadership,4.3,1,0,961
uva-darden-getting-started-agile,3.6,0,0,1339
manage-health-covid-19,3.7,0,0,1108
computational-neuroscience,4.5,0,0,142
sustainability,4.5,1,1,1966
bootstrap-4,4.3,1,1,670
learn-to-program,3.8,0,0,370
python-machine-learning,3.6,1,1,741
introduction-to-cloud,4.8,0,0,524
genetics-evolution,3.6,1,0,1969
brand,3.7,0,0,1597
getting-started-with-essay-writing,4.3,0,0,490
research-methods,4.5,1,0,1426
social-psychology,3.8,0,0,355
introduction-to-ai,3.9,1,0,560
corporate-commercial-law-part1,4.2,1,0,1447
cybersecurity-compliance-framework-system-administration,3.6,1,1,1782
the-cycle,4.2,0,0,595
dino101,4.6,1,1,614
changing-global-order,3.8,0,0,701
dino101,3.8,0,0,602
teamwork-skills-effective-communication,3.4,1,1,663
race-cultural-diversity-american-life,4.0,0,0,1149
health-behavior-change,4.0,0,0,301
schedule-projects,4.0,0,0,1297
cybersecurity-compliance-framework-system-administration,5.0,1,0,1780
object-oriented-design,4.3,0,0,950
sql-for-data-science,4.2,1,1,979
summary-statistics,4.3,0,0,808
human-needs,3.3,0,0,1958
organizational-behavior,4.4,1,1,1938
front-end-react,4.4,1,1,664
data-science-methodology,4.4,1,1,931
challenging-forensic-science,4.3,0,0,705
aws-machine-learning,3.8,1,1,1221
infrastructure-investing,3.5,1,0,793
philosophy-cognitive-sciences,4.2,0,0,711
datasciencemathskills,4.2,1,1,1874
perfect-tenses-modals,4.4,0,0,1105
quality-healthcare,4.3,1,1,824
philosophy-cognitive-sciences,4.8,0,0,1533
microeconomics,4.3,0,0,839
intro-economic-theories,3.3,1,0,120
multivariate-calculus-machine-learning,4.9,1,1,70
international-organizations-management,3.7,1,1,423
health-behavior-change,4.1,0,0,387
finance-for-non-finance,3.9,1,0,1981
microbiome,3.4,0,0,571
positive-psychology,4.7,0,0,1618
getting-started-with-tensor-flow2,4.3,0,0,19
verb-passives,4.3,1,1,286
changing-global-order,3.7,0,0,1206
applied-data-science-capstone,5.0,1,1,1301
big-data-introduction,4.5,1,1,876
bayesian-statistics,4.2,0,0,1249
gcp-fundamentals,3.0,1,1,1813
vlsi-cad-logic,4.2,0,0,1485
introduction-statistics-data-analysis-public-health,4.2,1,0,1605
ml-foundations,3.9,1,0,206
gis,3.1,1,0,1893
quality-healthcare,4.4,1,1,14
neural-networks-deep-learning,4.0,0,0,635
songwriting-lyrics,3.8,0,0,734
transformation-global-food-system,4.9,0,0,1377
troubleshooting-debugging-techniques,4.4,0,0,986
songwriting-lyrics,3.2,0,0,349
linear-algebra-machine-learning,4.5,0,0,372
data-visualization-tableau,4.1,0,0,1877
cloud-azure-intro,3.5,0,0,252
user-experience-design,3.7,1,1,1404
forensic-science,3.3,1,1,1784
financial-engineering-1,3.3,0,0,1943
international-taxation,3.6,0,0,846
gcp-fundamentals,3.9,0,0,623
memoir-reader-relationship,3.8,1,1,1398
supply-chain-principles,3.7,0,0,309
corporate-commercial-law-part1,4.1,0,0,1285
positive-psychology,3.8,0,0,1439
covid-19-what-you-need-to-know,4.0,0,0,1078
machine-learning-business-professionals,3.4,0,0,821
sql-for-data-science,3.7,0,0,1240
innovation-management,3.5,1,1,992
healthcarejobs,4.0,1,0,745
strategic-business-management-microeconomics,3.8,0,0,1449
write-your-first-novel,4.6,0,0,797
understanding-visualization-data,3.6,1,1,1968
tricky-american-english-pronunciation,3.4,0,0,1363
cybersecurity-compliance-framework-system-administration,4.7,1,1,577
medical-neuroscience,4.1,1,0,1036
introduction-to-calculus,3.9,0,0,682
producing-music,3.0,0,0,521
python-for-applied-data-science-ai,3.8,1,1,914
introduction-cybersecurity-cyber-attacks,4.6,1,0,725
foundations-of-mindfulness,3.8,0,0,1765
data-science-course,4.0,0,0,1222
cancer,3.2,1,0,1073
introduction-to-computers-and-office-productivity-software,4.8,1,1,1674
python-for-applied-data-science-ai,4.3,0,0,1258
python-network-data,4.1,1,1,1718
learn-to-program,3.1,0,0,794
excel-data-analysis-fundamentals,3.4,0,0,358
international-law-in-action-2,3.9,1,1,1748
forensic-accounting,3.5,0,0,465
business-model,3.3,0,0,1300
industrial-biotech,3.6,0,0,909
introduction-psychology,4.1,1,0,1814
python-for-data-visualization,4.5,1,1,174
analytics-tableau,4.9,0,0,1268
aws-fundamentals-going-cloud-native,5.0,1,0,913
data-science-methodology,4.7,1,1,595
gis,3.3,1,0,1398
financial-engineering-1,4.7,1,0,1220
machine-learning-with-python,3.6,0,0,1374
astro,4.1,0,0,707
covid-19-contact-tracing-for-nursing-professionals,4.6,0,0,84
english-principles,4.2,1,0,1888
perfect-tenses-modals,3.8,1,1,970
devops-culture-and-mindset,3.6,1,1,535
company-future-management,3.6,1,1,696
google-machine-learning,4.9,1,1,507
python-data,4.4,1,0,83
software-processes-and-agile-practices,4.0,0,0,10
initiating-planning,3.4,1,0,543
mindfulness,4.0,0,0,1207
accounting-data-analytics-python,3.5,1,0,528
python-functions-files-dictionaries,3.9,0,0,210
sequence-models-in-nlp,4.8,0,0,1250
leading-for-equity-diversity-inclusion,3.3,0,0,1237
learn-speak-korean1,4.6,0,0,597
content-marketing,4.2,0,0,1450
analytics-tableau,3.6,0,0,1446
principles-of-microeconomics,3.7,1,0,1436
understanding-financial-markets,4.0,1,1,996
systems-thinking,4.7,1,1,659
bayesian-statistics,3.8,1,0,1084
blockchain-basics,4.5,0,0,1040
challenging-forensic-science,3.9,1,1,721
social-psychology,3.9,0,0,1399
grammar-punctuation,4.2,1,0,1551
supply-chain-logistics,4.0,1,1,302
introduction-genomics,4.1,1,1,957
getinmooc,4.1,1,0,198
public-speaking,3.6,0,0,1925
intro-sql,3.3,0,0,498
strategic-management,4.9,1,0,978
contact-tracing-for-covid-19,4.0,1,1,829
getting-started-with-essay-writing,4.5,0,0,1893
enterprise-architecture,3.8,1,0,1733
content-marketing,4.7,0,0,1270
psychological-first-aid,3.5,1,1,728
data-analysis-with-python,4.4,1,1,1739
gcp-infrastructure-core-services,4.1,0,0,1452
teamwork-skills-effective-communication,4.7,1,0,392
uva-darden-digital-product-management,4.7,0,0,205
bcg-uva-darden-digital-transformation,3.7,1,1,740
os-power-user,4.5,1,0,1173
machine-learning-duke,4.5,1,0,803
international-security-management,4.5,0,0,360
personal-branding,3.6,0,0,494
technology-of-music-production,3.7,0,0,1622
cybersecurity-roles-processes-operating-system-security,4.6,1,1,383
six-sigma-principles,4.7,0,0,561
site-reliability-engineering-slos,4.2,0,0,783
six-sigma-organization-advanced,4.1,0,0,1274
excel-data-analysis,3.7,0,0,1104
ml-foundations,3.1,0,0,865
search-engine-optimization,4.3,1,1,1959
principles-of-macroeconomics,4.4,0,0,429
international-security-management,4.9,1,1,1468
gcp-big-data-ml-fundamentals,4.0,0,0,296
positive-psychology,3.9,0,0,1826
essentials-global-health,4.1,1,1,950
essentials-global-health,5.0,1,0,1147
nutrition-pregnancy,4.7,0,0,195
aws-fundamentals-going-cloud-native,4.1,1,1,1319
money-banking,4.8,1,0,739
uva-darden-bcg-pricing-strategy-cost-economics,3.9,0,0,1628
uva-darden-agile-testing,3.6,0,0,525
classical-sociological-theory,3.7,0,0,455
introduction-to-computer-programming,3.6,0,0,1210
intro-self-driving-cars,4.2,0,0,1867
django-database-web-apps,4.1,1,1,1163
bcg-uva-darden-digital-transformation,3.3,1,1,689
english-principles,3.7,0,0,813
uva-darden-digital-product-management,3.8,0,0,1308
gcp-fundamentals,4.5,0,0,418
systematic-review,4.8,0,0,238
arts-heritage,3.8,1,1,1267
excel-vba-for-creative-problem-solving-part-1,4.4,0,0,607
songwriting-lyrics,4.5,0,0,80
drug-development,3.9,1,1,315
deep-neural-network,3.9,0,0,789
fundamentals-of-graphic-design,4.2,0,0,305
financial-markets-global,4.7,0,0,1813
cultural-competence-aboriginal-sydney,4.3,0,0,431
corporate-commercial-law-part1,3.6,1,1,1695
autodesk-autocad-design-drafting,3.5,1,0,1261
physiology,3.4,0,0,541
marketing-digital,4.3,0,0,821
r-programming,4.1,1,1,1650
python-operating-system,4.5,0,0,26
global-financial-crisis,3.5,1,1,1990
uva-darden-bcg-pricing-strategy-cost-economics,4.4,1,1,198
neurobiology,4.8,1,1,1878
google-machine-learning,4.0,0,0,1962
uva-darden-agile-testing,4.7,1,1,976
bcg-uva-darden-digital-transformation,4.6,1,1,113
big-data-essentials,3.7,0,0,1465
producing-music,4.2,0,0,1836
r-programming,4.3,1,1,1592
python-for-data-visualization,3.6,0,0,204
bayesian-statistics,4.8,0,0,1280
sample-based-learning-methods,4.3,0,0,1131
teachlanguageonline,3.7,1,1,1498
gcp-infrastructure-foundation,4.2,0,0,1311
emt-foundations,3.7,0,0,199
clinicalsimulations,4.0,1,1,1050
gcp-infrastructure-core-services,4.4,1,0,1033
neuromarketing,4.4,0,0,1581
english-principles,4.5,0,0,613
analytics-tableau,4.8,0,0,968
six-sigma-principles,3.9,1,1,882
business-english-intro,3.7,0,0,718
getinmooc,4.4,1,0,404
python-databases,3.7,0,0,1667
typography,4.6,1,0,726
site-reliability-engineering-slos,4.0,1,0,48
role-of-advertising,3.3,1,1,955
strategic-management,4.7,1,1,175
uva-darden-digital-product-management,4.3,0,0,738
plantknows,3.6,1,1,1213
the-business-of-product-management-one,4.4,0,0,126
food-beverage-management,4.2,1,1,1228
python-for-data-visualization,4.3,1,0,1582
bootstrap-4,4.0,0,0,95
cloud-infrastructure-design-process,4.6,1,1,1915
finding-purpose-and-meaning-in-life,4.0,0,0,91
digital-business-models,4.2,0,0,301
introduction-trading-machine-learning-gcp,3.7,1,1,699
getinmooc,4.4,0,0,1158
analytics-tableau,4.2,1,0,1814
creative-problem-solving,3.3,0,0,497
songwriting-lyrics,4.1,1,1,1680
negotiation,4.4,0,0,1278
finance-for-non-financial-managers,4.2,1,1,1021
object-oriented-design,4.1,1,1,1790
embedded-software-hardware,4.1,1,1,1583
creative-thinking-techniques-and-tools-for-success,3.5,1,1,1520
troubleshooting-debugging-techniques,3.4,1,1,804
google-kubernetes-engine,4.0,1,0,942
principles-of-microeconomics,4.4,1,1,1777
classical-sociological-theory,4.2,1,1,269
manage-health-covid-19,4.8,0,0,1920
clinicalsimulations,4.1,1,0,1058
perfect-tenses-modals,4.1,0,0,1255
algorithmic-toolbox,4.2,0,0,1510
renewable-energy-entrepreneurship,3.9,0,0,325
arbitration-international-disputes,3.6,1,0,1868
equine,3.7,0,0,994
epidemic-pandemic-outbreak,4.7,1,1,210
entrepreneurship-strategy,3.4,0,0,1134
english-principles,3.7,1,1,401
modern-art-ideas,4.5,0,0,591
horse-care,4.2,1,1,980
pca-machine-learning,4.7,0,0,758
data-management,4.2,1,1,1096
schizophrenia,4.4,1,0,869
html-css-javascript-for-web-developers,4.8,1,1,1892
sustainable-finance,4.5,0,0,780
drug-commercialization,4.6,1,0,386
object-oriented-java,4.6,1,1,556
covid-19-what-you-need-to-know,4.0,1,1,1888
uva-darden-agile-testing,3.9,1,1,1924
preparing-cloud-associate-cloud-engineer-exam,3.5,0,0,905
diversity-inclusion-workplace,3.6,1,0,1031
uva-darden-continous-delivery-devops,4.5,1,0,1783
child-development,4.6,1,1,853
cybersecurity-roles-processes-operating-system-security,4.4,0,0,1662
python-network-data,3.3,1,0,1922
changing-global-order,4.0,0,0,966
speak-english-professionally,3.7,1,1,1551
uva-darden-managerial-accounting,3.5,0,0,1306
producing-music,3.5,0,0,1058
agile-atlassian-jira,4.5,0,0,1591
intro-business-analytics,3.3,1,0,574
transmedia-storytelling,3.4,1,0,1798
iiot-google-cloud-platform,3.3,0,0,1820
dog-emotion-and-cognition,5.0,1,0,1402
international-law-in-action-2,3.6,0,0,1042
nutrition-pregnancy,4.7,0,0,1896
ibm-penetration-testing-incident-response-forensics,4.1,0,0,1347
python-operating-system,3.5,0,0,601
negotiation,3.7,0,0,979
learn-to-program,3.8,0,0,1720
google-kubernetes-engine,3.5,1,1,1273
solar-energy-basics,3.7,1,0,132
magic-middle-ages,3.7,1,1,1290
bayesian-statistics,3.8,1,1,375
nand2tetris2,3.1,0,0,1965
information-security-data,4.1,1,1,108
drug-discovery,3.6,0,0,1186
conversational-experiences-dialogflow,4.4,0,0,1682
bugs-101,3.5,1,0,363
countering-terror-violent-extremism,4.2,1,1,1491
autodesk-autocad-design-drafting,4.7,0,0,82
marketing-digital,3.1,0,0,812
financial-engineering-1,4.5,0,0,533
bioinformatics,3.0,1,1,1469
childrens-rights,5.0,1,1,1256
object-oriented-java,4.0,1,1,1764
summary-statistics,4.0,1,0,464
gcp-infrastructure-foundation,4.3,1,1,1469
strategic-management,3.7,0,0,1700
duke-programming-web,3.7,0,0,1986
attention-models-in-nlp,4.0,0,0,1101
plantknows,3.6,1,0,1360
python-for-applied-data-science-ai,3.4,0,0,1536
international-relations-theory,3.7,0,0,1457
gender-sexuality,3.9,1,0,1393
songwriting-lyrics,4.2,0,0,1277
communication-strategies-virtual-age,3.6,0,0,1313
strategic-business-management-microeconomics,4.7,0,0,1648
sas-programming-basics,4.2,0,0,425
writing-for-business,4.4,1,0,975
project-planning,3.8,1,1,749
excel-data-analysis,4.0,0,0,290
international-humanitarian-law,3.8,1,1,1108
foundations-of-mindfulness,4.4,0,0,1152
sustainable-fashion,4.8,1,1,1039
magic-middle-ages,3.8,0,0,696
programming-languages,4.7,0,0,423
negotiation,4.4,0,0,1702
oilandgas,3.8,0,0,382
cs-fundamentals-2,3.7,1,0,23
html,4.2,0,0,1547
ai-for-everyone,3.2,1,1,461
understanding-visualization-data,3.4,1,1,179
moralities,4.1,1,1,228
uva-darden-design-thinking-social-sector,4.2,1,1,664
grammar-punctuation,4.6,0,0,904
gcp-infrastructure-foundation,3.1,0,0,88
negotiation-skills,3.8,0,0,1324
creative-problem-solving,3.7,0,0,1052
social-psychology,4.7,1,0,1416
ibm-penetration-testing-incident-response-forensics,3.6,1,0,798
getting-started-with-essay-writing,4.6,0,0,1336
basic-statistics,3.7,1,0,1089
introduction-to-ai,4.3,1,1,189
python-for-applied-data-science-ai,4.2,0,0,1251
uva-darden-digital-product-management,5.0,0,0,341
introduction-to-computers-and-office-productivity-software,4.1,1,1,913
arbitration-international-disputes,3.2,1,1,1459
visual-elements-user-interface-design,4.4,1,1,1619
gcp-infrastructure-scaling-automation,3.8,0,0,1765
the-business-of-product-management-one,3.5,1,0,834
golang-getting-started,4.0,1,0,1627
gcp-big-data-ml-fundamentals,3.0,0,0,1395
web-development,3.7,1,1,371
mindfulness,4.4,0,0,1327
drug-development,4.6,1,1,270
finance-for-non-finance,3.7,1,1,1393
social-media-marketing-introduction,4.2,1,1,1998
uva-darden-digital-product-management,4.3,1,1,1083
learn-chinese,4.4,0,0,1889
speak-english-professionally,3.7,0,0,822
neural-networks-deep-learning,4.9,1,1,1633
user-experience-design,3.7,1,1,1621
unraveling-the-cycling-city,3.5,1,1,829
write-your-first-novel,4.5,0,0,523
python,3.8,0,0,686
introduction-statistics-data-analysis-public-health,4.2,0,0,866
medical-neuroscience,4.2,0,0,1054
preparing-cloud-associate-cloud-engineer-exam,4.0,1,1,450
instructional-design-foundations-applications,3.5,0,0,578
introduction-to-ai,4.4,1,0,229
python-for-data-visualization,4.9,1,0,532
epidemiology-tools,4.5,1,1,645
modern-world,3.9,0,0,1854
python-programming-introduction,3.8,0,0,876
technology-of-music-production,4.0,1,1,1586
global-diplomacy-un,3.7,0,0,1535
ibm-penetration-testing-incident-response-forensics,4.6,0,0,203
probability-statistics,3.5,0,0,1891
uva-darden-digital-product-management,4.5,1,0,295
fundamentals-of-graphic-design,4.3,0,0,1967
cultural-competence-aboriginal-sydney,4.7,0,0,1453
software-processes-and-agile-practices,5.0,0,0,1998
natural-language-processing-tensorflow,3.8,1,1,830
perfect-tenses-modals,4.0,1,0,35
spectroscopy,4.6,0,0,1952
introduction-tensorflow,3.9,1,1,462
english-composition,3.5,0,0,59
gte-sustainable-cities,3.8,0,0,27
industrial-biotech,4.5,1,0,1790
gcp-fundamentals,3.1,1,0,704
renewable-energy-entrepreneurship,3.8,1,0,1314
clinical-terminology,4.7,1,1,1227
childrens-rights,4.6,1,0,1070
tricky-american-english-pronunciation,4.0,0,0,177
neuroscience-neuroimaging,4.2,0,0,1479
gcp-fundamentals,4.2,0,0,1953
guitar,3.9,0,0,1055
python-for-data-visualization,4.7,1,1,1822
introcss,4.4,1,0,1285
data-science-methodology,4.6,0,0,87
uva-darden-design-thinking-innovation,4.1,1,0,1538
introtoux-principles-and-processes,3.2,0,0,1310
microeconomics,3.7,1,1,1109
motivate-people-teams,3.4,1,1,440
build-a-computer,3.8,1,0,1438
python-for-applied-data-science-ai,4.0,0,0,299
uva-darden-agile-testing,3.9,1,1,504
introduction-genomics,4.3,1,1,1045
gte-sustainable-cities,5.0,0,0,112
international-relations-theory,3.4,0,0,1596
introduction-to-calculus,4.9,0,0,1225
corporate-commercial-law-part1,3.9,1,1,496
machine-learning-projects,4.8,1,0,1479
private-equity,4.2,0,0,1100
contact-tracing-for-covid-19,3.8,0,0,790
beyond-the-sustainable-development-goals-addressing-sustainability-and-development,4.7,1,1,1249
innovation-through-design,4.3,0,0,537
guitar,3.2,1,1,1531
psychological-first-aid,4.2,1,1,1156
dino101,4.2,1,1,1073
hotel-distribution,3.2,0,0,1657
aws-fundamentals-addressing-security-risk,4.5,1,0,1228
enterprise-architecture,3.0,0,0,457
analytics-business-metrics,4.2,1,0,899
natural-language-processing-tensorflow,4.4,0,0,702
erasmus-econometrics,4.4,1,1,317
epidemiology,3.6,0,0,876
bootstrap-4,4.8,0,0,694
stem-cells,3.9,1,1,249
anatomy403-1x,4.2,1,1,154
quantitative-methods,3.8,1,0,496
feminism-social-justice,4.6,1,1,51
cloud-infrastructure-design-process,3.9,0,0,658
medical-neuroscience,4.5,1,0,1576
modern-world,4.9,1,1,1576
html-css-javascript-for-web-developers,4.6,0,0,1795
digital-analytics,3.6,0,0,1120
cybersecurity-roles-processes-operating-system-security,4.4,0,0,1106
microeconomics,4.1,0,0,1712
python-for-data-visualization,4.4,1,0,461
access-control-sscp,4.7,0,0,783
intro-common-law,4.5,0,0,1360
teachlanguageonline,4.6,0,0,1978
write-a-feature-length-screenplay-for-film-or-television,4.0,1,1,1472
introduction-to-ai,3.6,1,0,1143
manage-health-covid-19,4.2,1,1,813
machine-learning-with-python,3.7,1,0,49
ai-for-medical-prognosis,4.5,1,1,1469
verb-passives,4.0,1,1,94
clinical-terminology,4.1,1,0,449
industrial-biotech,4.3,1,0,1505
global-diplomacy-un,3.3,0,0,637
preparing-cloud-professional-cloud-architect-exam,4.3,0,0,362
unraveling-the-cycling-city,3.6,0,0,592
teamwork-skills-effective-communication,4.0,1,1,945
sas-programming-basics,3.5,0,0,707
systematic-review,3.8,0,0,221
sql-for-data-science,4.1,0,0,1388
python-data-visualization,4.6,0,0,1797
systems-engineering,4.0,1,1,1104
dog-emotion-and-cognition,4.4,0,0,1335
data-management,4.4,0,0,949
what-is-datascience,3.5,0,0,1142
excel-data-analysis-fundamentals,3.3,1,1,533
european-law-fundamentals,3.8,1,0,179
neuroscience-neuroimaging,4.4,1,1,1974
uva-darden-continous-delivery-devops,3.2,0,0,161
mental-health,3.8,1,1,879
gcp-infrastructure-core-services,4.0,0,0,1781
information-security-data,4.4,0,0,425
intro-common-law,3.4,1,0,1647
leadership-21st-century,4.9,0,0,495
system-administration-it-infrastructure-services,3.4,0,0,1575
r-programming,4.1,0,0,1383
epigenetics,3.9,0,0,1222
object-oriented-java,4.2,0,0,1364
sports-society,3.8,0,0,633
positive-psychology,4.6,0,0,131
brand,3.8,1,1,146
construction-project-management,4.9,0,0,20
what-is-datascience,3.0,1,1,1085
data-science-course,3.6,1,1,674
python-for-applied-data-science-ai,4.1,0,0,1583
international-law-in-action,4.0,1,0,1115
diversity-inclusion-workplace,4.4,1,1,1695
epidemiology-tools,4.7,0,0,727
marketing-digital,4.4,1,1,527
business-model,3.6,0,0,818
sas-programming-basics,4.5,1,1,1551
corporatestrategy,3.1,0,0,1036
system-administration-it-infrastructure-services,4.2,1,1,1439
cloud-infrastructure-design-process,4.4,0,0,504
quantum-computing-algorithms,4.8,1,0,1412
finding-purpose-and-meaning-in-life,4.9,0,0,1531
introduction-to-computers-and-office-productivity-software,4.1,0,0,1809
everyday-chinese-medicine,4.2,1,1,192
information-systems-audit,5.0,1,0,1481
project-planning,3.6,1,0,1613
philosophy-cognitive-sciences,4.2,0,0,485
object-oriented-design,3.3,1,1,1316
childrens-rights,4.8,1,1,227
emt-foundations,5.0,0,0,1000
duke-programming-web,4.9,0,0,1840
professional-emails-english,4.4,1,1,1567
neuroscience-neuroimaging,4.2,1,1,48
strategic-business-management-microeconomics,4.2,1,1,489
sas-programming-basics,3.8,1,0,904
essentials-global-health,4.3,0,0,74
introduction-psych,4.2,1,1,292
gcp-fundamentals,3.7,0,0,1590
object-oriented-java,4.6,0,0,274
race-cultural-diversity-american-life,4.5,0,0,847
clinical-trials,4.6,0,0,785
os-power-user,3.9,1,1,270
humanrights,4.2,0,0,1375
clinical-trials,4.4,1,0,989
open-source-tools-for-data-science,4.6,1,1,440
java-programming,3.8,1,0,220
schizophrenia,4.9,1,1,1922
ai-for-medical-prognosis,3.8,0,0,375
creative-thinking-techniques-and-tools-for-success,4.1,1,1,1178
neuroscience-neuroimaging,4.0,0,0,232
transmedia-storytelling,3.7,0,0,1460
google-machine-learning,3.9,1,1,1140
international-taxation,4.1,0,0,1775
uva-darden-continous-delivery-devops,3.2,1,1,484
deep-neural-network,5.0,1,0,893
python,3.1,1,0,221
machine-learning-duke,3.8,0,0,1478
kotlin-for-java-developers,4.3,0,0,1247
marketing-analytics,3.8,1,1,1045
basic-statistics,4.0,1,0,1058
conversational-experiences-dialogflow,3.2,1,1,1649
music-theory,4.0,0,0,497
what-is-social,4.2,1,0,743
aws-machine-learning,4.9,0,0,927
enterprise-architecture,3.4,0,0,1681
introtoux-principles-and-processes,3.0,0,0,276
forensic-science,3.8,0,0,1016
astro,4.5,0,0,1164
gcp-fundamentals,3.8,1,1,162
oilandgas,4.4,1,1,621
intro-accounting-data-analytics-visual,3.5,0,0,314
containerized-apps-on-aws,4.0,0,0,422
role-of-advertising,3.6,1,1,689
